col_1,col_2,col_3,col_4,col_5,col_6,col_7,col_8,col_9,col_10,col_11,col_12
655,760,229,105,914,605,?,239,28,734,559,460
829,778,715,285,981,?,100,353,?,471,997,81
850,907,592,?,234,82,?,285,855,380,687,960
74,176,251,389,948,571,333,?,?,324,68,966
736,672,906,470,143,575,765,920,371,142,94,?
643,697,66,611,542,567,12,118,550,788,115,162
977,737,513,520,892,862,624,383,553,945,1,?
952,852,?,900,?,498,779,?,487,170,894,988
553,707,320,688,449,463,?,22,236,?,?,70
881,527,686,553,958,591,804,417,100,363,479,56
662,413,820,255,550,433,474,?,828,?,668,?
96,870,417,219,?,?,400,803,293,981,803,736
195,?,754,766,52,515,544,984,872,?,883,123
584,?,84,598,324,210,322,?,661,324,?,470
577,76,519,956,71,379,449,721,827,9,568,?
900,119,761,279,216,209,874,501,930,95,850,4
134,269,453,438,?,905,153,855,?,?,374,816
41,216,683,799,896,636,948,886,820,903,184,341
422,885,255,807,392,880,205,472,841,234,676,337
72,286,522,864,?,899,183,?,611,747,447,?
922,?,?,948,704,760,202,72,943,322,128,308
683,413,568,431,389,925,583,562,312,441,622,477
692,485,983,174,291,649,96,770,318,?,48,487
787,425,590,714,410,672,915,789,798,181,713,52
940,468,476,573,973,454,737,437,562,163,487,770
653,797,642,?,293,344,?,155,711,?,418,478
212,399,599,21,784,?,361,400,977,552,560,920
225,?,345,818,170,942,638,929,578,86,139,?
389,466,780,285,852,?,20,54,359,71,?,32
205,637,130,118,224,263,172,987,118,168,111,952
694,385,733,607,643,714,871,?,580,356,678,519
13,843,444,651,471,446,535,277,942,496,846,275
252,89,462,476,685,30,333,218,265,902,902,11
196,738,569,708,729,?,302,709,680,485,353,764
361,278,237,198,761,781,197,496,604,538,103,304
184,726,?,56,715,654,?,13,481,349,53,883
842,504,645,156,577,88,122,427,810,795,462,305
440,?,984,971,641,?,246,77,419,609,34,724
881,704,271,641,824,436,231,931,?,170,610,583
450,706,413,513,?,41,753,?,235,857,602,784
276,782,482,453,186,447,504,482,342,108,338,508
968,779,466,259,994,886,2,556,56,371,511,?
274,950,902,?,646,246,319,566,231,?,?,?
956,522,426,484,565,196,521,140,283,875,957,274
290,858,676,153,496,566,387,330,715,393,795,326
723,391,680,668,508,130,605,103,?,933,?,892
159,801,347,408,873,691,390,642,778,?,71,701
233,445,779,894,171,?,333,301,?,544,699,?
625,635,510,147,654,262,921,923,560,453,602,986
257,310,394,110,586,303,?,850,?,886,763,933
509,925,819,822,652,257,739,698,?,643,317,35
750,932,766,206,553,375,936,169,845,991,765,?
987,773,881,691,991,571,810,271,466,767,599,654
111,?,906,336,227,651,932,665,?,39,?,241
139,380,761,554,761,907,102,631,975,707,455,242
102,377,661,408,992,869,94,658,?,806,129,?
784,601,891,793,923,284,149,554,?,?,16,808
?,?,760,117,488,371,112,227,45,931,534,659
63,868,703,730,76,330,68,640,562,391,544,518
102,118,667,565,221,910,348,409,98,321,384,704
69,88,99,382,?,980,338,421,682,434,?,295
361,520,673,868,866,118,588,440,998,637,659,624
850,30,720,944,7,147,?,759,?,544,430,162
739,965,87,160,?,84,678,622,280,?,?,695
499,?,405,?,309,786,262,?,765,133,721,573
826,407,44,471,883,440,727,?,22,176,633,707
91,109,604,81,318,227,?,?,523,795,745,661
242,263,617,778,182,644,773,594,947,659,640,995
155,481,311,?,?,473,59,?,885,93,520,595
811,43,830,193,488,?,106,858,?,662,254,450
625,382,397,347,54,663,?,695,259,673,618,?
680,359,672,402,726,318,659,?,720,757,935,662
521,372,974,971,197,141,303,104,553,905,678,785
612,167,710,829,739,421,737,455,771,460,245,829
926,377,585,473,797,541,166,821,894,657,381,106
529,292,165,928,851,970,837,358,?,515,396,384
327,860,344,?,940,713,778,460,?,263,154,745
434,296,?,430,638,114,512,17,589,148,2,247
192,88,?,539,806,?,895,651,383,17,70,751
107,753,?,560,659,798,713,187,65,967,301,811
43,318,835,?,663,366,49,340,819,911,451,396
192,510,817,?,?,617,185,?,336,314,735,707
?,891,630,282,811,77,416,821,164,147,695,?
242,376,973,620,461,381,79,543,322,256,27,512
936,269,721,627,939,205,?,177,456,830,866,684
67,298,872,727,654,371,125,812,810,370,378,?
906,317,735,539,420,76,325,461,530,900,565,187
133,933,852,157,166,727,971,917,81,651,?,311
96,173,595,675,924,863,43,?,972,591,216,427
32,643,658,495,827,305,?,451,476,?,883,752
354,134,528,327,126,254,52,394,429,887,834,592
195,511,479,316,93,518,247,?,289,904,689,?
111,904,375,?,53,200,?,517,564,639,?,100
814,572,774,617,?,40,342,532,621,144,628,403
758,608,849,502,307,18,?,427,816,894,28,272
802,593,?,492,645,794,152,?,971,?,322,423
421,627,894,?,142,575,679,386,178,546,363,889
659,271,197,286,231,305,722,722,492,957,739,125
557,405,978,150,295,81,453,766,207,278,713,112
601,52,544,?,424,?,790,988,952,669,900,667
988,293,930,668,548,871,936,428,181,38,407,191
986,297,10,618,344,657,506,138,480,?,167,664
?,346,582,198,877,416,528,411,190,489,?,393
772,338,741,268,710,684,315,703,917,789,121,964
630,981,157,621,719,483,822,224,697,895,539,721
940,64,925,587,169,533,697,598,921,?,136,468
573,827,23,?,224,47,?,62,71,?,419,139
747,431,913,891,387,700,896,670,122,551,131,229
?,306,737,545,236,355,194,743,33,430,959,17
69,35,689,50,46,240,773,58,297,939,327,792
329,898,677,424,63,606,934,696,?,353,688,538
427,308,773,247,308,148,?,423,571,398,209,81
868,549,?,387,?,75,780,688,491,929,980,217
986,765,491,713,210,246,795,478,368,369,510,823
481,328,380,47,227,17,958,738,157,236,854,564
702,782,990,758,173,361,738,189,556,?,35,77
?,7,863,70,10,467,633,957,495,?,565,18
282,?,833,441,932,?,153,635,835,815,383,471
714,701,83,879,?,389,?,10,85,445,340,879
917,44,923,909,?,77,288,578,184,?,213,771
841,79,578,855,694,340,758,706,513,?,448,78
788,610,793,650,462,365,385,697,?,634,253,85
390,650,399,110,966,369,105,192,571,?,92,96
804,?,424,87,573,249,174,174,309,?,446,307
79,967,641,632,110,7,341,390,338,441,881,?
329,712,322,408,299,649,590,334,837,?,578,?
787,976,966,449,852,839,815,512,311,?,434,76
613,411,946,709,38,369,832,654,112,674,171,46
661,410,340,441,101,523,572,590,384,791,708,354
495,426,88,964,357,467,534,?,740,?,46,?
352,694,953,250,566,574,474,415,191,443,756,203
440,722,286,829,592,893,375,?,687,541,321,626
117,866,177,723,941,87,?,?,383,524,?,393
499,711,954,569,296,323,?,368,?,835,576,507
504,861,172,32,226,282,296,469,792,563,?,794
376,?,737,224,105,670,305,34,357,90,121,243
756,360,625,170,804,212,584,288,173,721,587,879
922,98,769,?,284,130,136,729,254,693,146,276
385,649,788,528,712,378,500,3,868,749,651,367
815,224,845,275,291,592,873,352,?,102,857,128
162,1,439,706,904,163,898,671,85,926,54,313
774,672,?,?,608,697,9,?,881,136,235,749
106,903,392,772,657,?,?,666,360,644,942,704
223,103,127,394,440,144,?,567,739,798,28,675
211,522,402,56,813,507,247,?,911,370,136,860
375,177,978,?,?,?,62,408,644,786,719,656
631,86,524,998,550,601,855,?,716,977,60,947
465,57,760,180,725,12,976,530,739,?,800,751
790,344,279,270,591,509,?,880,377,?,588,119
?,880,?,373,154,984,567,732,430,255,738,?
382,690,184,529,977,899,290,319,567,378,578,758
476,996,792,751,779,?,?,555,860,10,2,386
745,211,244,?,146,?,238,533,918,998,?,137
404,?,679,243,872,821,852,326,?,?,789,?
461,417,367,213,475,?,827,847,?,856,?,255
406,694,840,32,876,767,97,824,?,851,?,844
703,661,601,?,67,662,?,868,?,965,173,444
405,392,177,931,287,?,635,663,422,?,287,430
906,256,822,20,801,492,497,580,398,27,?,831
60,484,786,239,103,247,836,?,971,867,398,860
178,607,756,936,721,971,146,193,830,505,180,?
617,540,340,207,349,941,890,23,722,?,539,?
722,406,345,140,750,811,499,179,576,952,366,604
388,706,182,972,587,790,34,326,991,655,960,340
244,328,907,842,655,344,272,?,263,?,396,430
906,903,560,849,885,777,167,819,?,268,76,910
750,965,96,629,?,966,622,?,340,195,568,748
677,244,403,861,56,?,844,615,?,175,84,119
408,917,94,397,907,192,270,270,276,155,?,685
555,775,?,397,429,704,487,242,81,875,515,530
694,151,776,972,996,198,?,700,843,855,328,937
90,407,878,470,13,639,801,425,581,777,103,577
805,549,899,393,586,39,413,624,?,911,708,764
276,21,813,288,879,101,234,998,793,276,620,193
936,759,529,?,811,319,414,872,?,198,206,?
52,722,378,518,946,32,501,182,486,359,858,767
93,?,875,989,227,694,668,21,991,10,136,616
230,825,730,659,917,358,224,694,639,?,679,860
663,290,111,345,656,284,729,668,154,247,825,830
677,144,672,303,429,?,726,836,744,703,804,964
520,175,898,301,132,743,782,970,344,228,763,431
340,600,872,55,598,?,911,123,391,?,?,206
584,469,884,?,341,182,?,281,793,?,805,?
445,414,489,39,749,15,776,?,5,255,899,?
516,172,47,298,533,346,704,351,502,193,929,?
230,135,23,174,729,39,656,548,609,?,?,?
455,561,719,712,10,?,533,621,429,108,?,117
510,205,852,207,420,41,933,956,?,?,114,686
973,524,741,263,468,304,?,179,873,821,437,98
?,873,663,367,979,900,382,?,410,279,707,820
908,116,?,966,107,605,583,186,798,30,902,997
495,116,?,268,13,695,762,579,979,347,705,98
745,355,657,860,914,?,957,870,508,77,329,994
520,659,837,471,587,878,?,510,?,?,?,94
987,312,576,688,350,56,865,574,615,673,?,778
3,850,820,535,?,169,842,739,261,?,873,469
196,111,48,858,127,462,604,138,5,50,444,495
800,182,178,132,674,904,903,624,781,408,994,?
423,908,307,561,729,567,206,732,354,136,666,183
711,728,361,597,684,691,862,899,?,?,?,58
769,294,150,708,209,34,?,889,576,761,399,804
713,?,391,980,702,?,762,636,882,850,649,664
603,618,743,302,?,986,?,42,570,165,?,478
?,951,53,641,678,809,?,725,226,?,?,557
95,905,340,301,771,487,844,?,685,247,629,250
699,391,968,263,?,530,384,521,45,668,?,?
980,?,68,645,886,?,551,900,794,837,765,25
?,?,814,73,234,418,646,?,?,7,?,764
718,367,109,703,89,949,405,32,547,765,817,303
148,909,815,664,?,896,?,587,551,88,767,744
423,872,165,632,199,688,?,770,563,?,?,101
595,339,688,103,72,326,337,314,157,374,982,5
805,758,284,138,340,474,794,?,662,862,?,552
752,79,?,520,833,415,218,565,916,484,153,229
604,298,514,407,11,869,629,776,457,580,676,150
496,42,500,271,44,531,370,940,?,665,721,649
855,593,179,388,670,80,386,229,362,354,494,7
143,236,659,154,371,837,236,339,494,491,166,?
45,607,645,913,58,945,982,993,20,746,291,222
483,175,421,814,786,676,172,351,611,236,?,208
932,430,621,488,?,803,?,494,924,?,961,665
431,45,440,822,788,604,930,714,?,489,932,291
557,?,762,592,?,671,824,?,437,260,549,375
697,209,803,184,569,315,793,754,885,766,802,?
521,347,629,?,399,6,844,949,?,228,?,394
411,534,987,969,180,?,871,824,?,614,716,174
369,1,89,799,686,601,16,71,563,850,597,987
232,200,414,268,519,75,349,823,264,833,257,990
496,776,795,472,?,120,392,226,236,423,529,718
255,409,841,568,488,224,276,765,932,755,754,272
208,857,160,123,693,505,783,?,494,323,903,890
188,938,408,591,539,490,34,404,795,?,531,?
691,595,371,266,270,483,352,511,430,382,411,185
590,834,277,569,391,820,154,10,?,915,530,324
308,880,408,?,834,860,461,267,574,830,21,360
987,591,665,800,333,500,458,391,475,149,656,346
628,870,82,234,669,274,405,456,962,602,462,189
129,678,762,82,407,66,485,27,537,?,?,671
400,254,454,135,?,680,938,488,892,279,139,715
606,647,899,537,547,356,233,453,423,?,536,?
294,9,504,489,785,300,?,383,904,405,733,400
226,433,530,932,711,292,545,423,71,?,467,279
504,20,993,191,289,733,9,?,223,320,511,475
33,864,?,795,557,197,257,?,998,255,999,756
204,790,682,485,985,331,?,960,126,654,370,885
997,649,16,283,406,10,596,487,159,92,?,634
993,?,365,719,110,239,572,775,914,?,387,138
41,449,556,195,557,750,889,937,?,159,840,376
795,389,?,878,636,?,991,397,700,?,290,657
99,?,961,?,110,?,658,674,639,?,227,?
944,504,853,821,370,961,842,?,632,42,855,968
532,743,395,539,584,184,572,109,591,470,438,171
564,346,547,454,925,333,423,441,332,577,385,949
369,459,1,292,531,912,308,220,23,966,283,524
949,?,365,272,597,263,95,583,?,333,178,921
591,98,?,828,81,944,357,445,?,789,669,?
797,56,43,579,515,?,750,995,610,93,297,?
85,?,409,409,793,781,573,405,201,754,?,796
702,92,424,357,353,25,174,632,823,150,947,205
160,874,?,972,152,840,352,114,?,215,217,536
562,748,712,19,928,45,62,809,?,671,69,278
935,886,300,665,390,?,324,612,191,990,949,41
543,502,?,701,641,514,64,900,835,967,287,350
673,748,984,894,233,587,994,620,?,?,555,208
317,921,139,931,149,579,?,546,122,860,?,327
424,311,957,653,281,?,?,627,621,237,237,?
799,515,481,383,397,141,?,783,948,423,688,776
182,450,502,888,253,?,753,738,627,586,538,722
534,468,44,252,406,41,529,?,299,906,848,171
628,707,146,662,740,185,961,?,424,26,605,918
466,332,929,168,?,724,?,725,811,627,388,45
935,893,154,149,?,316,788,296,121,984,638,13
876,?,904,223,488,?,?,904,635,840,51,57
38,34,859,340,51,183,292,709,587,182,768,?
787,378,?,438,67,138,881,540,215,?,586,645
90,706,808,295,869,539,639,133,509,648,828,625
298,2,477,121,213,425,342,826,12,707,?,308
332,117,350,583,30,199,347,491,?,140,643,886
344,834,?,534,743,569,214,340,910,68,288,348
642,170,399,120,770,879,33,89,244,850,222,?
?,207,455,819,513,349,751,318,147,101,961,136
38,731,?,?,869,90,?,534,764,592,655,329
294,327,688,153,?,638,105,359,?,722,588,73
914,?,30,?,?,437,722,607,707,632,341,731
829,998,783,135,822,?,318,728,482,?,918,935
188,682,882,465,67,360,867,787,?,106,732,334
73,546,605,636,163,?,214,606,446,351,?,?
954,857,607,334,842,316,72,702,790,336,?,223
909,774,1,677,545,631,201,899,584,696,966,736
353,?,523,131,64,563,1,841,113,?,443,404
729,391,217,487,569,947,428,894,?,?,739,674
140,658,881,808,953,185,435,461,232,?,511,243
276,560,35,582,378,494,82,749,880,798,?,912
252,760,685,649,594,55,548,481,928,752,362,818
?,946,312,578,645,174,673,829,28,?,79,285
631,879,760,179,757,458,180,718,186,?,87,610
158,771,789,677,653,592,?,271,?,476,309,972
546,700,486,544,13,817,695,543,?,545,980,626
879,277,101,599,792,248,603,533,707,321,?,?
101,702,225,258,25,59,673,223,?,?,877,385
922,823,918,189,479,78,945,788,926,789,166,284
392,62,833,?,951,403,?,554,224,109,733,?
586,796,919,669,?,400,717,401,528,790,447,746
805,?,978,799,581,368,311,648,?,548,?,471
297,181,991,196,400,646,?,648,?,?,608,?
554,512,855,990,38,346,44,217,684,963,896,759
948,754,?,929,47,665,177,927,?,626,?,?
510,631,824,346,756,333,701,141,988,?,178,124
776,714,169,948,?,868,386,17,?,184,724,909
711,792,130,656,462,961,?,185,627,643,309,5
197,543,634,780,520,789,214,?,153,992,510,687
56,292,258,825,?,?,551,?,?,917,456,334
766,334,113,101,423,385,76,?,?,951,183,140
199,999,344,709,288,873,429,352,303,809,976,175
567,89,535,222,858,15,754,254,594,950,153,?
?,482,?,544,830,?,508,572,710,973,368,664
17,313,471,766,1000,791,721,809,642,?,?,915
?,437,715,556,213,83,344,57,932,?,393,?
376,573,575,210,343,117,756,595,720,763,329,274
434,65,464,540,482,695,922,636,690,829,?,914
90,920,982,112,115,509,210,?,427,555,486,455
22,?,822,971,344,352,806,608,543,456,?,809
809,496,296,49,292,171,165,293,180,710,?,?
325,452,189,?,325,152,553,547,?,954,149,951
5,560,340,303,297,773,588,819,929,347,750,?
565,26,862,366,57,200,228,786,?,870,688,1000
200,618,?,683,152,438,?,354,457,90,910,426
296,746,435,425,602,148,487,538,68,605,?,655
425,474,774,205,391,?,847,600,573,?,?,308
855,128,915,184,705,30,284,?,764,493,890,703
711,383,?,266,60,473,139,55,430,979,297,655
527,644,97,172,894,866,309,715,99,361,?,289
497,944,105,516,193,573,852,867,565,?,472,120
?,357,372,453,612,994,727,763,?,?,233,?
81,782,?,496,44,34,526,?,?,309,?,127
211,205,?,150,965,594,165,800,248,?,593,542
197,176,?,743,220,872,376,190,?,855,389,527
116,322,113,508,722,?,336,395,615,704,455,418
876,878,862,962,?,691,108,536,?,405,605,760
173,999,206,414,859,512,731,608,809,966,488,973
497,151,111,502,644,?,55,511,996,620,157,?
79,533,812,301,503,556,881,19,33,902,393,874
?,182,882,906,504,320,500,583,676,553,488,161
401,606,632,785,?,?,858,829,28,641,100,366
58,254,320,933,890,346,552,472,433,924,21,?
325,400,101,103,211,515,684,630,993,509,998,861
220,49,588,232,?,865,607,69,544,215,79,310
308,553,425,640,688,185,643,884,512,986,961,960
829,788,958,?,206,152,765,308,421,851,650,423
294,263,242,117,29,848,498,447,?,164,30,823
564,?,740,?,?,617,66,417,688,93,860,144
585,956,681,973,538,?,?,827,853,400,762,434
110,994,419,?,547,972,559,700,285,?,487,842
661,?,758,?,940,246,394,982,925,125,243,?
984,940,93,775,216,165,647,832,417,281,843,504
423,341,898,103,716,68,617,561,465,?,657,455
?,205,322,114,529,787,782,609,812,463,?,178
847,289,425,403,968,585,?,572,642,92,204,?
411,615,92,175,?,539,943,848,122,209,883,273
507,442,615,844,694,185,?,1000,633,255,701,?
137,998,704,393,754,?,?,954,931,621,991,727
?,517,310,688,992,43,267,505,899,92,544,?
46,512,855,370,290,270,780,530,915,755,783,570
674,?,?,?,267,479,917,42,727,469,867,?
96,291,173,843,913,218,?,786,427,253,?,?
698,125,605,109,?,472,676,644,609,338,672,464
750,929,583,?,660,?,73,617,409,246,887,22
167,413,771,158,503,754,318,?,?,377,502,398
577,93,831,191,?,526,475,664,159,540,?,480
929,308,131,308,536,?,79,?,436,476,583,364
84,17,678,806,?,427,305,742,687,828,990,?
190,619,690,?,405,176,472,890,763,499,833,370
987,405,90,15,?,994,28,665,248,642,552,309
152,23,925,720,497,881,249,584,?,?,868,426
755,749,?,410,606,958,837,238,?,591,66,664
485,638,356,?,295,481,238,602,348,874,673,905
729,427,690,369,819,166,290,89,133,161,104,966
311,?,19,268,163,881,33,346,633,576,265,804
48,571,155,895,686,52,449,986,114,801,801,105
43,172,892,371,300,781,751,158,343,126,450,788
252,486,518,273,773,645,156,543,?,440,420,975
814,?,150,735,?,347,791,63,38,?,?,647
819,533,430,698,895,761,?,287,626,718,660,558
634,715,832,415,903,38,400,758,533,291,524,534
651,29,553,248,312,?,62,266,?,775,128,587
465,242,596,916,682,610,307,804,587,732,756,336
198,370,151,849,?,910,220,379,413,532,893,511
451,971,997,167,131,469,722,?,218,34,967,944
617,113,586,536,381,384,?,147,604,960,911,188
?,561,?,493,580,346,487,854,?,652,461,153
334,640,420,922,?,687,754,91,?,646,725,?
573,979,591,981,194,515,124,545,20,211,723,594
827,329,47,?,448,25,325,?,102,?,262,158
418,61,334,?,?,146,332,965,?,246,601,521
395,?,476,68,418,936,276,601,253,668,312,?
652,802,383,173,551,985,?,833,850,669,?,944
613,697,360,218,523,166,?,92,126,743,287,216
981,906,351,771,280,330,471,?,?,?,?,10
424,714,781,84,665,?,853,456,362,386,367,860
714,128,959,10,21,697,367,836,311,227,506,38
927,621,201,654,891,513,566,757,699,?,132,131
584,903,802,869,994,546,698,?,438,966,875,443
417,697,508,?,739,285,546,6,?,586,756,707
77,202,?,641,492,25,642,861,111,982,56,533
967,615,783,458,88,?,321,?,?,822,309,?
694,54,391,633,239,807,11,476,902,104,961,27
337,111,610,608,199,130,263,493,456,141,?,599
983,367,907,150,317,299,9,674,59,839,?,353
206,207,350,488,479,340,580,631,337,466,?,225
655,236,219,753,835,758,410,7,76,?,298,647
784,?,203,225,737,868,183,181,?,852,389,?
959,468,829,176,819,903,?,148,134,197,712,614
652,48,602,549,153,55,287,872,599,215,804,680
172,770,770,511,184,383,495,507,596,944,?,225
463,406,436,586,863,?,?,456,236,477,345,479
377,325,26,240,78,85,514,?,284,?,?,206
692,310,787,282,619,876,758,?,307,355,414,842
?,670,780,887,233,215,529,566,740,349,321,440
715,450,?,143,132,?,830,364,430,771,798,307
24,33,158,339,819,623,401,210,66,193,337,463
312,107,?,706,28,72,396,239,?,59,?,881
401,114,429,71,926,134,318,727,163,962,208,702
?,147,845,827,337,901,474,?,662,468,863,305
844,180,184,751,394,188,98,?,907,281,551,?
744,223,422,567,?,108,799,462,213,?,655,768
352,877,?,118,140,767,?,562,731,144,286,175
622,302,760,80,12,158,183,36,546,?,651,657
676,400,?,?,387,952,931,?,29,346,697,226
99,851,742,426,836,576,640,555,?,?,?,412
13,470,674,666,?,224,786,105,811,871,258,615
647,695,790,341,780,326,683,?,934,392,760,602
14,632,128,756,250,62,511,156,?,946,969,899
285,806,534,425,296,235,340,211,929,255,713,623
534,453,67,72,54,145,?,607,815,242,437,?
203,181,311,460,207,801,974,408,483,518,444,840
?,391,86,944,551,745,390,465,576,74,733,159
?,513,384,948,405,383,316,?,?,?,955,199
981,936,357,501,378,667,435,249,944,647,29,?
620,698,254,975,?,?,729,408,998,531,898,850
709,991,908,316,771,746,112,796,?,767,767,?
173,2,793,538,296,175,191,203,515,462,218,61
829,266,893,642,112,?,88,?,31,490,?,63
?,597,43,535,385,986,955,776,440,699,323,964
409,59,895,?,892,743,948,?,544,717,255,634
891,424,4,981,?,369,993,334,240,410,?,439
965,675,927,395,200,891,586,734,131,90,690,896
918,119,554,217,967,?,?,952,925,288,264,975
127,945,743,815,893,590,?,352,735,743,658,990
828,266,90,349,960,965,377,321,591,?,549,398
328,817,816,680,228,10,472,836,858,697,616,765
821,36,317,706,869,490,221,722,61,?,734,751
231,54,795,500,307,676,164,562,433,357,?,745
714,718,404,332,595,56,727,671,141,495,149,824
753,371,590,805,152,438,173,99,486,?,528,608
153,414,122,501,611,669,795,815,92,886,392,669
12,85,657,522,601,587,711,814,394,661,306,102
731,815,416,21,838,832,66,599,839,128,213,?
883,?,458,?,589,?,263,?,128,373,176,968
255,969,927,675,144,712,933,361,523,102,46,?
877,981,566,368,747,77,267,926,?,261,963,549
645,649,198,578,841,168,158,807,27,?,128,701
68,92,342,150,232,101,993,?,?,540,314,827
542,586,565,102,175,770,354,695,545,904,489,?
526,674,388,?,743,380,256,429,188,363,515,976
965,946,313,90,417,?,?,246,170,87,568,828
986,694,749,510,694,715,15,933,8,720,354,757
943,902,701,622,173,904,926,77,137,?,508,383
347,256,872,121,495,?,647,223,952,659,?,475
869,?,472,363,359,191,?,504,542,158,936,160
257,405,374,187,276,450,450,363,6,892,114,?
432,?,683,491,273,501,820,131,783,410,946,846
113,?,160,14,?,850,1000,9,297,85,254,747
256,118,718,841,486,?,748,186,876,?,?,40
197,?,205,53,538,649,228,?,438,?,373,360
253,49,?,763,293,931,442,972,343,100,700,?
370,371,604,381,283,?,109,761,43,935,838,722
102,560,309,780,739,131,564,913,874,574,917,645
933,495,954,?,614,991,47,63,711,835,702,526
170,522,799,622,?,586,?,951,467,738,311,304
566,?,244,655,905,137,?,255,216,2,648,378
970,563,137,627,59,11,225,287,?,674,797,?
764,969,891,619,837,333,596,879,160,748,?,?
186,836,194,966,664,318,182,704,?,437,931,?
540,769,618,?,?,851,45,?,147,?,?,?
754,874,208,778,455,315,159,557,643,22,106,106
857,2,25,395,672,944,394,733,116,113,980,?
342,946,87,620,439,615,436,684,640,357,278,678
272,729,?,956,797,328,458,805,?,592,745,93
131,395,507,711,617,342,967,252,563,547,550,?
733,592,831,?,?,?,572,137,62,370,888,143
148,565,935,216,58,121,721,?,989,56,679,489
892,151,81,13,834,784,762,541,307,740,801,14
160,?,770,?,853,971,568,265,514,233,161,95
974,217,58,189,1000,?,710,321,415,?,381,200
107,618,?,289,?,?,932,565,?,?,584,578
?,323,?,366,982,200,401,?,?,418,?,827
25,392,890,298,699,907,976,906,698,788,987,747
536,350,135,369,963,913,700,214,?,157,?,?
892,889,801,511,322,303,287,?,184,472,485,782
666,963,583,373,411,635,133,525,975,86,519,899
?,?,810,841,159,298,584,75,896,96,480,922
112,750,983,787,412,325,619,720,118,40,972,656
?,616,64,371,485,217,976,434,651,?,?,895
893,220,266,56,924,987,169,965,487,?,714,935
399,575,612,741,632,681,962,846,?,919,152,?
994,270,4,966,129,655,?,764,431,793,387,215
996,?,834,310,515,128,665,424,361,437,784,?
439,567,556,292,706,650,636,928,90,?,17,?
768,950,649,596,684,431,796,?,877,128,813,423
661,759,963,230,275,271,925,425,5,?,?,384
532,615,175,441,997,632,?,955,132,400,178,326
448,728,517,591,864,939,567,331,?,12,?,633
943,586,761,465,797,246,228,549,744,805,267,?
148,654,888,471,126,290,?,507,935,?,?,76
641,704,912,931,165,11,676,622,121,356,629,?
760,125,31,531,157,374,?,142,746,130,494,95
565,479,508,970,198,203,909,985,598,602,814,740
905,611,836,111,440,362,648,461,35,260,301,899
989,?,185,440,367,221,381,?,327,735,477,330
576,291,540,575,623,827,77,662,775,833,?,506
282,128,616,393,22,660,590,934,135,?,547,41
17,98,426,282,355,570,506,403,466,657,125,961
30,?,108,883,447,91,924,836,6,?,905,?
312,338,811,277,948,472,327,772,871,424,?,541
490,1000,792,232,785,85,856,676,877,?,?,14
480,193,349,605,527,779,726,158,109,225,395,889
208,193,434,315,592,151,110,?,472,30,544,?
564,442,407,521,452,?,392,433,194,609,623,?
52,982,?,37,?,104,904,734,?,752,709,?
209,295,295,97,930,489,874,245,?,192,?,14
439,182,903,696,10,993,2,254,47,581,298,538
774,97,824,464,360,264,260,14,309,913,680,924
496,703,?,421,676,366,251,713,369,92,978,111
899,558,461,898,272,358,401,968,317,594,352,126
466,812,296,9,702,698,990,572,311,67,16,223
608,501,441,?,258,900,880,982,159,731,751,600
298,485,255,653,409,101,943,319,447,331,143,205
427,309,305,644,188,897,99,453,516,730,363,431
?,?,786,774,929,249,383,557,899,774,129,7
782,472,?,850,110,100,580,340,125,691,?,210
576,508,917,873,644,?,497,?,1,?,100,107
853,?,125,496,840,869,842,450,?,150,?,763
175,717,488,297,983,377,401,?,427,?,?,?
?,667,635,930,986,904,?,163,877,216,724,?
672,672,348,880,286,675,?,860,386,621,590,520
539,715,979,599,?,31,163,?,957,332,791,751
108,179,394,431,64,?,?,782,647,946,111,?
653,205,503,293,760,834,809,?,983,?,144,369
582,74,699,933,541,853,848,361,922,142,450,386
583,802,104,?,554,230,297,258,?,?,?,590
531,513,?,715,597,940,?,347,206,?,210,752
776,?,?,971,625,784,355,973,758,83,491,278
?,520,359,311,898,22,27,831,623,699,19,54
387,441,563,449,631,377,352,60,95,233,771,813
47,16,256,?,450,45,617,251,133,491,?,257
211,753,920,226,310,799,890,540,327,?,355,723
498,209,862,237,567,382,807,241,666,?,511,277
394,989,286,394,884,?,211,676,54,33,357,932
915,849,830,222,350,637,438,951,59,567,739,295
961,435,582,267,391,947,?,819,?,256,303,?
281,676,669,?,315,329,868,?,10,990,654,224
594,284,565,66,265,283,507,646,893,51,?,701
451,43,?,732,999,695,870,?,241,80,116,243
585,843,74,897,26,808,999,668,966,?,?,?
?,624,321,800,803,353,388,34,154,?,80,230
589,752,751,900,53,676,452,200,301,337,787,237
767,710,751,420,361,79,670,236,429,848,129,251
418,682,267,350,84,518,590,903,922,?,124,784
953,104,35,25,75,888,398,?,714,730,345,920
624,?,757,973,419,759,297,?,188,604,960,156
608,691,389,181,603,?,305,50,919,521,437,394
183,43,753,749,532,901,102,?,281,230,296,266
772,238,145,566,773,613,983,551,7,?,209,971
750,130,303,734,866,911,?,141,750,992,81,228
335,344,646,689,724,914,?,723,326,572,899,972
9,601,966,201,156,192,290,651,974,741,4,503
214,40,270,647,654,544,185,861,300,502,402,557
99,987,774,430,334,436,476,?,714,132,496,885
422,30,520,872,63,331,326,829,409,56,746,652
316,227,171,799,971,626,620,974,822,800,935,785
?,216,204,859,881,298,933,424,751,?,21,?
408,44,?,647,?,768,803,?,759,?,76,721
?,761,620,98,812,852,320,436,24,470,271,591
299,228,575,292,547,?,509,975,560,464,?,790
379,112,341,646,98,213,502,86,632,536,581,61
259,759,?,706,417,275,774,501,321,242,726,569
751,108,80,?,533,171,891,40,508,823,144,561
10,446,738,693,331,381,170,536,823,732,620,474
339,738,951,537,?,427,?,6,193,97,?,640
161,652,232,15,282,934,599,377,413,575,676,?
749,183,105,535,785,590,607,990,893,932,?,238
94,630,169,1,918,141,451,484,513,247,387,724
320,325,905,220,969,285,861,453,808,124,446,?
375,790,746,632,943,392,956,11,370,6,?,378
515,622,663,491,713,281,995,32,950,623,?,768
769,?,30,731,754,872,430,?,653,?,558,874
629,341,869,920,928,740,?,681,858,?,845,152
86,46,204,420,765,?,281,121,582,89,?,?
748,326,?,174,223,?,742,316,658,886,774,?
723,286,324,856,905,303,451,502,373,658,850,?
973,395,583,720,662,816,351,516,761,93,216,479
945,675,487,601,578,603,331,645,?,432,345,?
367,479,?,829,608,446,485,259,616,695,42,899
958,520,437,977,?,525,308,989,537,996,?,342
56,317,145,470,?,152,177,83,879,93,158,866
6,353,564,716,484,852,249,99,326,137,335,840
894,404,356,759,28,624,241,349,2,770,80,142
46,446,394,436,319,841,268,432,408,?,?,703
672,823,165,589,703,498,687,?,436,?,827,462
800,344,996,805,435,393,82,346,725,203,630,466
476,125,472,911,379,346,786,556,301,18,305,?
?,757,180,97,149,442,354,706,941,855,841,?
335,151,742,904,525,81,653,433,189,264,761,857
989,197,311,553,250,51,485,958,765,191,?,409
695,6,20,673,274,810,?,?,333,627,730,472
651,555,953,352,355,156,761,546,690,?,873,81
575,86,543,299,463,31,599,361,426,24,291,503
385,135,972,100,217,585,886,797,411,361,429,286
372,681,984,652,549,231,507,294,461,895,?,850
476,700,393,429,421,30,142,516,614,419,333,171
484,975,761,809,566,198,166,741,180,730,?,67
212,471,618,248,997,?,619,894,164,740,8,699
888,482,73,981,734,733,663,?,493,62,408,743
373,950,666,807,150,777,772,740,423,146,815,?
658,470,504,776,303,339,717,282,?,535,227,578
299,734,650,731,302,825,151,880,653,872,?,13
739,892,416,922,353,602,322,388,497,892,180,?
970,231,230,624,809,202,471,654,861,839,537,760
?,642,338,278,548,551,994,458,254,817,707,879
707,?,624,285,195,?,925,?,234,780,?,903
327,75,120,488,556,613,?,441,115,454,200,651
468,258,616,647,520,291,307,545,282,516,?,775
?,915,482,?,443,97,454,704,188,112,219,313
544,702,625,689,161,406,873,679,980,486,808,744
956,957,311,314,363,323,436,781,781,57,363,144
786,839,214,263,?,438,334,757,221,451,?,165
492,608,995,800,705,724,287,601,?,351,379,?
138,76,794,845,155,588,91,336,782,571,299,144
70,717,322,370,457,220,480,371,694,266,766,?
421,826,50,62,525,580,33,895,810,290,?,78
998,116,818,872,945,666,?,701,284,911,?,?
664,465,710,972,22,?,849,9,438,877,691,546
682,842,364,733,157,152,?,547,?,131,?,892
236,207,435,239,223,28,921,127,?,889,758,51
409,790,835,993,936,529,775,964,620,325,216,819
490,115,?,823,985,364,318,445,668,?,660,897
975,748,?,868,?,532,712,?,822,758,381,?
177,532,760,685,901,806,510,414,931,637,?,30
36,148,48,781,538,?,919,430,116,476,877,?
618,1,481,264,673,980,?,505,873,129,133,147
85,735,909,256,190,309,998,605,592,274,135,384
594,?,928,?,203,15,35,244,?,493,353,891
592,220,270,121,672,947,914,350,500,468,685,782
65,437,988,97,469,124,303,356,447,?,888,187
964,524,861,?,752,539,156,544,820,553,970,171
103,651,634,953,156,979,879,51,972,400,996,488
140,?,258,685,946,609,61,144,843,996,974,401
662,606,855,232,283,412,758,689,?,283,12,534
106,613,677,842,761,?,773,350,973,391,?,478
173,709,499,231,91,618,886,891,507,987,59,886
863,283,656,430,258,?,731,249,227,682,800,500
858,622,948,44,605,659,?,990,370,727,432,736
356,451,588,39,833,763,686,222,25,?,943,30
870,368,353,989,457,333,651,813,572,561,759,357
177,878,361,758,990,849,937,655,637,191,208,725
346,918,164,?,195,931,658,775,183,?,?,613
680,270,349,407,395,980,898,301,?,231,42,159
?,230,225,232,832,13,?,627,450,565,197,869
410,910,397,724,373,270,374,960,554,982,330,720
552,99,804,726,322,847,738,719,568,230,589,472
510,67,?,460,59,489,?,?,737,259,?,613
722,137,221,318,691,239,897,417,553,601,7,55
367,794,?,424,751,616,184,31,507,?,969,718
397,391,142,188,364,441,?,267,233,663,348,97
21,63,61,98,987,?,394,820,577,72,194,?
224,100,935,384,913,867,182,834,32,958,982,124
320,111,185,172,510,159,943,466,562,803,120,68
375,984,193,43,939,492,932,773,102,94,329,577
545,776,206,139,203,642,446,?,107,496,314,806
790,57,43,92,602,585,657,50,49,395,988,844
895,521,183,698,933,469,914,?,209,585,?,391
706,?,247,938,182,847,940,46,614,685,945,585
924,210,670,280,11,424,863,837,260,642,43,?
707,653,163,?,550,967,979,953,292,292,?,123
907,974,867,131,37,?,39,?,711,248,380,147
?,957,998,216,45,972,881,944,474,?,?,299
231,200,739,893,864,542,165,988,115,420,18,174
330,147,701,?,60,788,878,?,?,665,488,661
703,461,244,628,652,942,466,369,294,179,398,?
?,825,44,728,873,412,642,965,905,752,976,373
682,741,252,196,971,676,373,562,812,660,?,112
464,853,891,53,346,161,960,185,25,396,177,764
788,412,821,422,252,134,499,956,544,?,100,?
943,55,93,924,762,219,68,932,927,487,180,104
164,156,122,634,576,481,288,926,117,151,100,139
485,175,601,838,452,187,21,970,353,88,71,640
404,114,810,202,329,812,86,819,637,428,374,197
533,25,928,665,314,444,280,778,?,?,893,?
?,390,482,37,277,344,525,803,725,966,268,501
86,941,825,327,918,831,?,77,67,821,90,10
755,892,73,642,993,895,?,?,143,764,?,?
444,239,735,329,198,203,508,191,750,886,454,?
998,148,590,717,?,192,775,167,857,616,656,437
354,?,912,258,?,65,925,635,?,783,?,763
327,939,715,695,583,860,367,492,308,321,763,?
708,477,333,867,413,921,157,769,?,143,391,?
?,811,928,608,?,401,278,23,163,979,285,499
512,971,500,62,?,332,623,241,507,427,980,163
319,440,614,289,383,885,579,?,379,215,705,893
650,996,288,592,716,131,801,995,726,243,256,482
321,98,152,84,474,913,746,461,198,283,373,61
229,336,636,150,980,322,550,831,981,?,?,907
819,255,434,?,268,?,668,?,477,152,392,609
322,281,203,465,601,?,54,566,146,738,27,662
183,857,660,580,41,58,731,66,144,536,731,773
366,423,72,?,427,406,562,834,?,934,233,661
25,864,?,225,973,892,328,775,?,784,25,714
?,?,236,8,83,377,849,218,8,763,273,524
855,623,201,267,667,30,991,525,210,43,110,896
778,766,707,908,311,56,236,906,223,?,850,342
970,738,401,170,492,293,684,?,110,?,52,970
1,391,985,55,662,434,?,428,305,?,146,953
820,124,763,?,954,?,89,467,594,280,720,65
157,408,?,443,423,14,46,983,288,737,822,688
893,707,2,46,856,573,501,733,49,91,468,?
675,744,150,655,179,382,356,152,770,692,369,89
907,947,478,553,169,352,881,149,554,?,818,836
845,84,902,514,533,5,564,169,701,343,334,817
960,673,225,768,770,232,465,711,193,915,517,?
74,314,416,215,99,?,32,213,795,69,?,968
?,612,398,312,604,651,43,33,?,718,817,552
433,636,972,503,?,500,89,?,252,733,97,768
619,36,566,876,629,11,608,?,519,515,282,398
549,50,121,503,463,?,616,113,992,204,?,795
670,792,310,349,598,235,828,?,?,759,620,449
814,22,920,651,429,286,719,?,899,367,520,929
141,166,192,457,560,270,995,190,119,238,?,719
381,?,538,600,311,141,250,821,680,491,177,649
880,150,879,882,490,75,253,424,371,848,62,44
800,198,954,461,888,930,630,522,662,?,614,510
444,428,87,796,?,285,476,940,857,335,876,524
776,705,574,620,805,481,709,351,632,258,957,296
234,928,246,357,197,531,286,435,193,912,822,303
703,556,210,596,121,898,253,809,346,664,384,496
955,551,261,259,386,?,194,261,466,564,284,431
53,644,610,448,123,126,821,43,?,549,?,761
?,677,11,640,292,237,619,274,363,?,599,?
990,209,18,94,629,277,?,866,248,170,940,?
688,594,870,219,?,730,154,394,769,555,211,504
897,?,520,859,211,?,858,387,414,322,281,298
389,481,703,250,67,?,586,?,447,932,448,235
934,491,225,661,544,?,391,779,725,95,?,82
262,301,447,938,420,?,?,54,802,977,759,562
434,?,985,?,792,837,?,474,378,157,192,9
176,526,513,59,?,160,248,855,802,252,?,?
621,69,?,472,502,405,744,538,663,363,592,768
258,418,879,?,76,377,119,423,307,323,?,446
769,886,777,665,406,17,926,499,730,904,134,53
150,945,?,477,909,?,302,525,42,890,70,199
519,104,729,?,224,?,414,628,637,?,530,905
500,?,799,767,69,158,387,732,740,?,937,632
404,46,977,429,428,905,561,939,68,39,495,225
170,506,686,921,746,872,980,572,923,339,335,684
734,699,609,252,23,279,522,997,?,606,884,?
229,225,255,157,715,372,410,340,249,493,?,322
59,835,425,32,380,242,504,406,416,241,626,?
335,874,85,?,554,?,994,715,?,?,299,376
941,366,?,915,?,?,41,842,809,401,?,608
857,852,?,621,162,717,509,706,403,681,485,368
314,723,429,241,868,335,473,?,61,?,?,?
789,328,736,420,660,688,602,727,485,?,197,?
874,399,510,990,727,461,335,725,323,770,717,891
978,96,343,906,526,981,208,?,10,729,630,?
791,514,152,675,762,544,542,628,202,973,41,737
298,774,292,418,989,486,428,937,586,323,229,308
?,235,594,?,?,975,245,?,78,281,922,?
890,814,807,615,509,219,566,119,948,575,182,?
440,663,?,133,749,674,264,928,747,100,296,556
655,160,874,977,798,777,989,784,125,856,477,493
285,365,362,826,968,19,636,813,65,?,835,199
947,?,874,775,827,832,172,653,601,69,763,673
800,790,330,204,38,4,18,957,347,?,323,?
99,575,608,507,565,349,?,856,252,842,40,57
681,141,836,157,871,77,?,316,?,292,?,141
618,103,98,787,910,591,?,51,862,773,?,730
592,560,566,103,771,320,?,342,?,97,?,913
481,416,271,963,814,343,665,718,646,482,?,756
885,245,6,897,814,863,561,441,683,845,?,998
933,276,877,724,664,2,416,765,132,834,123,?
42,256,?,405,224,116,668,114,15,350,?,664
890,421,532,455,879,212,193,879,249,972,51,444
63,?,470,209,903,291,437,485,?,466,660,206
283,987,165,449,18,661,225,565,?,275,535,102
675,318,?,981,248,259,776,954,629,947,188,?
?,787,568,?,199,751,783,713,601,412,984,578
390,201,?,345,778,342,442,17,106,141,?,479
757,698,562,139,220,?,12,?,288,912,?,946
122,257,550,961,46,284,674,?,863,222,909,91
235,?,714,366,570,28,643,684,177,240,751,848
136,63,232,33,935,376,902,855,158,854,486,176
