year,country,GDP
1960,美国,543300000000
1960,英国,73233967692
1960,法国,62225478000
1960,中国,59716467625
1960,日本,44307342950
1960,加拿大,40461721692
1960,意大利,40385288344
1961,美国,563300000000
1961,英国,76233967692
1961,法国,65225478000
1961,中国,62716467625
1961,日本,47307342950
1961,加拿大,43461721692
1961,意大利,43385288344
1962,美国,583300000000
1962,英国,79233967692
1962,法国,68225478000
1962,中国,65716467625
1962,日本,50307342950
1962,加拿大,46461721692
1962,意大利,46385288344
1963,美国,603300000000
1963,英国,82233967692
1963,法国,71225478000
1963,中国,68716467625
1963,日本,53307342950
1963,加拿大,49461721692
1963,意大利,49385288344
1964,美国,623300000000
1964,英国,85233967692
1964,法国,74225478000
1964,中国,71716467625
1964,日本,56307342950
1964,加拿大,52461721692
1964,意大利,52385288344
1965,美国,643300000000
1965,英国,88233967692
1965,法国,77225478000
1965,中国,74716467625
1965,日本,59307342950
1965,加拿大,55461721692
1965,意大利,55385288344
1966,美国,663300000000
1966,英国,91233967692
1966,法国,80225478000
1966,中国,77716467625
1966,日本,62307342950
1966,加拿大,58461721692
1966,意大利,58385288344
1967,美国,683300000000
1967,英国,94233967692
1967,法国,83225478000
1967,中国,80716467625
1967,日本,65307342950
1967,加拿大,61461721692
1967,意大利,61385288344
1968,美国,703300000000
1968,英国,97233967692
1968,法国,86225478000
1968,中国,83716467625
1968,日本,68307342950
1968,加拿大,64461721692
1968,意大利,64385288344
1969,美国,723300000000
1969,英国,100233967692
1969,法国,89225478000
1969,中国,86716467625
1969,日本,71307342950
1969,加拿大,67461721692
1969,意大利,67385288344
1970,美国,1073300000000
1970,英国,123233967692
1970,法国,142225478000
1970,中国,91716467625
1970,日本,212307342950
1970,加拿大,85461721692
1970,意大利,103385288344
1971,美国,1163300000000
1971,英国,132233967692
1971,法国,151225478000
1971,中国,96716467625
1971,日本,231307342950
1971,加拿大,92461721692
1971,意大利,112385288344
1972,美国,1283300000000
1972,英国,141233967692
1972,法国,160225478000
1972,中国,112716467625
1972,日本,290307342950
1972,加拿大,101461721692
1972,意大利,121385288344
1973,美国,1423300000000
1973,英国,150233967692
1973,法国,169225478000
1973,中国,137716467625
1973,日本,423307342950
1973,加拿大,110461721692
1973,意大利,130385288344
1974,美国,1543300000000
1974,英国,159233967692
1974,法国,178225478000
1974,中国,142716467625
1974,日本,471307342950
1974,加拿大,119461721692
1974,意大利,139385288344
1975,美国,1683300000000
1975,英国,168233967692
1975,法国,187225478000
1975,中国,163716467625
1975,日本,507307342950
1975,加拿大,128461721692
1975,意大利,148385288344
1976,美国,1823300000000
1976,英国,177233967692
1976,法国,196225478000
1976,中国,153716467625
1976,日本,567307342950
1976,加拿大,137461721692
1976,意大利,157385288344
1977,美国,2023300000000
1977,英国,186233967692
1977,法国,205225478000
1977,中国,175716467625
1977,日本,691307342950
1977,加拿大,146461721692
1977,意大利,166385288344
1978,美国,2293300000000
1978,英国,195233967692
1978,法国,214225478000
1978,中国,149716467625
1978,日本,996307342950
1978,加拿大,155461721692
1978,意大利,175385288344
1979,美国,2563300000000
1979,英国,204233967692
1979,法国,223225478000
1979,中国,177716467625
1979,日本,1067307342950
1979,加拿大,164461721692
1979,意大利,184385288344
1980,美国,2863300000000
1980,英国,213233967692
1980,法国,232225478000
1980,中国,191716467625
1980,日本,1105307342950
1980,加拿大,173461721692
1980,意大利,193385288344
1981,美国,3213300000000
1981,英国,222233967692
1981,法国,241225478000
1981,中国,196716467625
1981,日本,1218307342950
1981,加拿大,182461721692
1981,意大利,202385288344
1982,美国,3343300000000
1982,英国,231233967692
1982,法国,250225478000
1982,中国,205716467625
1982,日本,1189307342950
1982,加拿大,191461721692
1982,意大利,211385288344
1983,美国,3633300000000
1983,英国,240233967692
1983,法国,259225478000
1983,中国,230716467625
1983,日本,1234307342950
1983,加拿大,200461721692
1983,意大利,220385288344
1984,美国,4043300000000
1984,英国,249233967692
1984,法国,268225478000
1984,中国,259716467625
1984,日本,1318307342950
1984,加拿大,209461721692
1984,意大利,229385288344
1985,美国,4343300000000
1985,英国,258233967692
1985,法国,277225478000
1985,中国,309716467625
1985,日本,1398307342950
1985,加拿大,218461721692
1985,意大利,238385288344
1986,美国,4593300000000
1986,英国,267233967692
1986,法国,286225478000
1986,中国,299716467625
1986,日本,2090307342950
1986,加拿大,227461721692
1986,意大利,247385288344
1987,美国,4873300000000
1987,英国,276233967692
1987,法国,295225478000
1987,中国,325716467625
1987,日本,2502307342950
1987,加拿大,236461721692
1987,意大利,256385288344
1988,美国,5253300000000
1988,英国,285233967692
1988,法国,304225478000
1988,中国,315716467625
1988,日本,3071307342950
1988,加拿大,245461721692
1988,意大利,265385288344
1989,美国,5653300000000
1989,英国,294233967692
1989,法国,313225478000
1989,中国,349716467625
1989,日本,3049307342950
1989,加拿大,254461721692
1989,意大利,274385288344
1990,美国,5973300000000
1990,英国,303233967692
1990,法国,322225478000
1990,中国,360716467625
1990,日本,3915307342950
1990,加拿大,263461721692
1990,意大利,283385288344
1991,美国,6173300000000
1991,英国,312233967692
1991,法国,331225478000
1991,中国,413716467625
1991,日本,3573307342950
1991,加拿大,272461721692
1991,意大利,292385288344
1992,美国,6533300000000
1992,英国,321233967692
1992,法国,340225478000
1992,中国,426716467625
1992,日本,3859307342950
1992,加拿大,281461721692
1992,意大利,301385288344
1993,美国,6873300000000
1993,英国,330233967692
1993,法国,349225478000
1993,中国,444716467625
1993,日本,4454307342950
1993,加拿大,290461721692
1993,意大利,310385288344
1994,美国,7303300000000
1994,英国,339233967692
1994,法国,358225478000
1994,中国,564716467625
1994,日本,4893307342950
1994,加拿大,299461721692
1994,意大利,319385288344
1995,美国,7663300000000
1995,英国,348233967692
1995,法国,367225478000
1995,中国,734716467625
1995,日本,5449307342950
1995,加拿大,308461721692
1995,意大利,328385288344
1996,美国,8103300000000
1996,英国,357233967692
1996,法国,376225478000
1996,中国,864716467625
1996,日本,4791307342950
1996,加拿大,317461721692
1996,意大利,337385288344
1997,美国,8603300000000
1997,英国,366233967692
1997,法国,385225478000
1997,中国,961716467625
1997,日本,4326307342950
1997,加拿大,326461721692
1997,意大利,346385288344
1998,美国,9083300000000
1998,英国,375233967692
1998,法国,394225478000
1998,中国,1029716467625
1998,日本,3857307342950
1998,加拿大,335461721692
1998,意大利,355385288344
1999,美国,9663300000000
1999,英国,384233967692
1999,法国,403225478000
1999,中国,1094716467625
1999,日本,4562307342950
1999,加拿大,344461721692
1999,意大利,364385288344
2000,美国,10283300000000
2000,英国,393233967692
2000,法国,412225478000
2000,中国,1211716467625
2000,日本,4887307342950
2000,加拿大,353461721692
2000,意大利,373385288344
2001,美国,10623300000000
2001,英国,402233967692
2001,法国,421225478000
2001,中国,1339716467625
2001,日本,4379307342950
2001,加拿大,362461721692
2001,意大利,382385288344
2002,美国,10983300000000
2002,英国,411233967692
2002,法国,430225478000
2002,中国,1470716467625
2002,日本,4180307342950
2002,加拿大,371461721692
2002,意大利,391385288344
2003,美国,11513300000000
2003,英国,420233967692
2003,法国,439225478000
2003,中国,1660716467625
2003,日本,4326307342950
2003,加拿大,380461721692
2003,意大利,400385288344
2004,美国,12273300000000
2004,英国,429233967692
2004,法国,448225478000
2004,中国,1941716467625
2004,日本,4655307342950
2004,加拿大,389461721692
2004,意大利,409385288344
2005,美国,13093300000000
2005,英国,438233967692
2005,法国,457225478000
2005,中国,2286716467625
2005,日本,4831307342950
2005,加拿大,398461721692
2005,意大利,418385288344
2006,美国,13853300000000
2006,英国,447233967692
2006,法国,466225478000
2006,中国,2752716467625
2006,日本,4955307342950
2006,加拿大,407461721692
2006,意大利,427385288344
2007,美国,14483300000000
2007,英国,456233967692
2007,法国,475225478000
2007,中国,3552716467625
2007,日本,5213307342950
2007,加拿大,416461721692
2007,意大利,436385288344
2008,美国,14723300000000
2008,英国,465233967692
2008,法国,484225478000
2008,中国,4598716467625
2008,日本,5037307342950
2008,加拿大,425461721692
2008,意大利,445385288344
2009,美国,14423300000000
2009,英国,474233967692
2009,法国,493225478000
2009,中国,5109716467625
2009,日本,5231307342950
2009,加拿大,434461721692
2009,意大利,454385288344
2010,美国,15093300000000
2010,英国,483233967692
2010,法国,502225478000
2010,中国,6087716467625
2010,日本,5700307342950
2010,加拿大,443461721692
2010,意大利,463385288344
2011,美国,15603300000000
2011,英国,492233967692
2011,法国,511225478000
2011,中国,7551716467625
2011,日本,6157307342950
2011,加拿大,452461721692
2011,意大利,472385288344
2012,美国,16253300000000
2012,英国,501233967692
2012,法国,520225478000
2012,中国,8532716467625
2012,日本,6203307342950
2012,加拿大,461461721692
2012,意大利,481385288344
2013,美国,16793300000000
2013,英国,510233967692
2013,法国,529225478000
2013,中国,9570716467625
2013,日本,5156307342950
2013,加拿大,470461721692
2013,意大利,490385288344
2014,美国,17533300000000
2014,英国,519233967692
2014,法国,538225478000
2014,中国,10475716467625
2014,日本,4850307342950
2014,加拿大,479461721692
2014,意大利,499385288344
2015,美国,18243300000000
2015,英国,528233967692
2015,法国,547225478000
2015,中国,11061716467625
2015,日本,4389307342950
2015,加拿大,488461721692
2015,意大利,508385288344
2016,美国,18753300000000
2016,英国,537233967692
2016,法国,556225478000
2016,中国,11191716467625
2016,日本,4926307342950
2016,加拿大,497461721692
2016,意大利,517385288344
2017,美国,19523300000000
2017,英国,546233967692
2017,法国,565225478000
2017,中国,12143716467625
2017,日本,4867307342950
2017,加拿大,506461721692
2017,意大利,526385288344
2018,美国,20583300000000
2018,英国,555233967692
2018,法国,574225478000
2018,中国,13608716467625
2018,日本,4954307342950
2018,加拿大,515461721692
2018,意大利,535385288344
2019,美国,21433300000000
2019,英国,564233967692
2019,法国,583225478000
2019,中国,14342716467625
2019,日本,5082307342950
2019,加拿大,524461721692
2019,意大利,544385288344